id;creation_date;education_level;department;control_number;employment_type;employed_since;employed_until;person_id
1;2020-02-19T01:18:19;payment schemas Soft;repurpose modular;36201;Realigned;2020-02-19;2020-02-19;1
2;2020-02-19T00:50:15;Bedfordshire;Wooden withdrawal;57012;override;2020-02-18;2020-02-18;2
3;2020-02-19T14:29:29;maximized;Wooden;48050;monitor payment Switchable;2020-02-19;2020-02-19;3
4;2020-02-19T04:30:36;Isle indigo;Car Global;82484;synergy internet solution;2020-02-19;2020-02-19;4
5;2020-02-19T03:23:35;Infrastructure Granite infrastructures;value-added;11750;open-source;2020-02-18;2020-02-19;5
6;2020-02-18T22:40:56;Jersey frictionless;Accounts deposit Decentralized;60589;Marketing interface;2020-02-19;2020-02-19;6
7;2020-02-18T17:53:36;Designer payment;lavender infrastructures;28841;Sleek;2020-02-19;2020-02-19;7
8;2020-02-18T17:20:08;Automated Small Concrete Chicken;Won Bacon invoice;17118;Digitized;2020-02-19;2020-02-18;8
9;2020-02-18T20:53:52;microchip;white;79413;Sleek Concrete Table quantify Kids;2020-02-19;2020-02-19;9
10;2020-02-19T15:05:39;architecture Pants Profound;Chair deposit;17107;Operations Ball;2020-02-18;2020-02-19;10
